YEAR,MO,DY,Temp_Max,Temp_Min,PRECTOTCORR
2018,12,1,26.94,13.25,0.0
2018,12,2,26.61,14.68,0.0
2018,12,3,26.01,11.83,0.0
2018,12,4,23.4,10.94,0.0
2018,12,5,27.0,13.03,0.0
2018,12,6,28.01,14.45,0.0
2018,12,7,24.94,11.41,0.0
2018,12,8,25.87,10.03,0.0
2018,12,9,27.62,12.87,0.0
2018,12,10,28.44,13.3,0.0
2018,12,11,24.12,14.63,0.0
2018,12,12,23.62,12.04,0.0
2018,12,13,26.58,13.28,0.0
2018,12,14,25.62,13.22,6.0
2018,12,15,22.29,12.38,9.19
2018,12,16,21.6,11.5,0.0
2018,12,17,22.34,9.62,0.0
2018,12,18,24.6,11.05,0.0
2018,12,19,22.21,9.55,0.0
2018,12,20,24.94,10.08,0.0
2018,12,21,23.69,10.26,0.0
2018,12,22,19.84,8.65,0.0
2018,12,23,20.13,7.32,0.0
2018,12,24,21.51,8.24,0.0
2018,12,25,20.68,8.68,0.0
2018,12,26,21.94,7.56,0.0
2018,12,27,23.76,8.01,0.0
2018,12,28,27.2,10.7,0.0
2018,12,29,20.78,9.78,0.0
2018,12,30,21.45,8.6,0.0
2018,12,31,23.01,10.32,0.0
2019,1,1,21.37,9.07,0.0
2019,1,2,26.55,11.97,0.0
2019,1,3,28.71,13.94,0.0
2019,1,4,20.75,10.36,0.0
2019,1,5,23.33,9.29,0.0
2019,1,6,26.91,9.55,0.0
2019,1,7,28.12,13.09,0.0
2019,1,8,23.43,9.8,0.0
2019,1,9,26.7,11.48,0.0
2019,1,10,18.83,7.78,0.0
2019,1,11,19.05,6.42,0.0
2019,1,12,21.37,7.8,0.0
2019,1,13,24.94,8.58,0.0
2019,1,14,27.55,10.74,0.0
2019,1,15,29.05,11.24,0.0
2019,1,16,30.01,12.23,0.0
2019,1,17,22.83,7.88,0.0
2019,1,18,18.4,3.56,0.0
2019,1,19,17.45,4.03,0.0
2019,1,20,17.49,4.21,0.0
2019,1,21,20.63,5.22,0.0
2019,1,22,24.53,8.02,0.0
2019,1,23,26.63,10.38,0.0
2019,1,24,27.9,10.81,0.0
2019,1,25,28.76,13.2,0.0
2019,1,26,29.76,13.74,0.0
2019,1,27,26.9,15.58,0.0
2019,1,28,27.18,13.44,0.0
2019,1,29,26.55,13.87,0.0
2019,1,30,21.37,11.11,0.0
2019,1,31,28.62,13.64,0.0
2019,2,1,30.94,14.77,0.0
2019,2,2,30.66,15.93,0.04
2019,2,3,21.58,11.79,1.77
2019,2,4,20.65,7.77,0.0
2019,2,5,20.91,7.65,0.0
2019,2,6,20.48,6.19,0.0
2019,2,7,21.34,4.8,0.0
2019,2,8,24.69,8.05,0.0
2019,2,9,26.47,9.94,0.0
2019,2,10,28.36,12.92,0.39
2019,2,11,24.0,10.47,1.42
2019,2,12,19.45,7.18,0.0
2019,2,13,20.08,5.87,0.0
2019,2,14,24.56,7.75,0.0
2019,2,15,29.05,13.78,0.12
2019,2,16,25.8,12.64,0.36
2019,2,17,21.06,9.16,0.0
2019,2,18,21.19,7.65,0.0
2019,2,19,19.53,7.16,0.0
2019,2,20,19.2,4.58,0.0
2019,2,21,21.26,7.41,0.0
2019,2,22,20.71,11.08,0.0
2019,2,23,27.33,9.85,0.0
2019,2,24,29.23,10.72,0.0
2019,2,25,24.24,11.73,0.0
2019,2,26,26.28,10.25,0.0
2019,2,27,32.2,15.03,0.0
2019,2,28,29.49,17.36,0.0
2019,3,1,21.3,9.98,0.0
2019,3,2,20.55,6.39,0.0
2019,3,3,23.69,6.81,0.0
2019,3,4,25.11,6.99,0.0
2019,3,5,25.37,7.51,0.0
2019,3,6,23.78,10.3,0.0
2019,3,7,22.78,9.18,0.0
2019,3,8,25.44,10.94,0.0
2019,3,9,22.13,8.69,0.0
2019,3,10,23.62,6.37,0.0
2019,3,11,27.09,7.62,0.0
2019,3,12,25.83,9.4,0.0
2019,3,13,26.82,8.69,0.0
2019,3,14,31.81,15.12,0.0
2019,3,15,26.76,12.27,0.0
2019,3,16,28.42,9.72,0.0
2019,3,17,25.05,11.97,0.0
2019,3,18,25.79,7.7,0.0
2019,3,19,27.38,10.3,0.0
2019,3,20,27.78,13.59,0.0
2019,3,21,30.91,13.93,0.0
2019,3,22,30.51,13.97,0.0
2019,3,23,28.87,14.2,0.0
2019,3,24,32.12,14.47,0.0
2019,3,25,32.37,20.77,0.01
2019,3,26,28.22,15.14,0.03
2019,3,27,29.76,10.95,0.0
2019,3,28,30.94,13.97,0.0
2019,3,29,29.52,12.47,0.0
2019,3,30,33.87,16.84,0.0
2019,3,31,37.08,21.34,0.0
2019,4,1,28.3,18.07,0.0
2019,4,2,28.03,14.12,0.1
2019,4,3,33.51,13.74,0.0
2019,4,4,35.53,19.18,0.0
2019,4,5,36.16,20.24,0.0
2019,4,6,37.71,21.7,0.03
2019,4,7,37.37,22.57,0.0
2019,4,8,35.64,21.65,0.0
2019,4,9,35.76,19.85,0.36
2019,4,10,32.05,20.69,0.01
2019,4,11,32.39,19.37,0.56
2019,4,12,32.55,19.75,0.71
2019,4,13,28.22,17.57,2.61
2019,4,14,29.72,14.98,0.0
2019,4,15,33.19,14.89,0.0
2019,4,16,35.4,17.76,0.0
2019,4,17,35.76,19.25,0.0
2019,4,18,37.16,20.9,0.0
2019,4,19,37.09,21.7,0.0
2019,4,20,36.89,17.9,0.0
2019,4,21,34.75,17.5,0.0
2019,4,22,29.9,16.97,0.0
2019,4,23,29.28,12.69,0.0
2019,4,24,28.8,12.2,0.0
2019,4,25,30.35,12.46,0.0
2019,4,26,27.8,16.56,0.0
2019,4,27,32.01,16.94,0.0
2019,4,28,36.02,18.43,0.0
2019,4,29,34.29,17.71,0.0
2019,4,30,36.28,18.21,0.0
2019,5,1,37.69,19.8,0.0
2019,5,2,39.15,21.76,0.0
2019,5,3,39.73,24.3,0.1
2019,5,4,33.55,23.87,0.62
2019,5,5,38.32,23.48,0.0
2019,5,6,33.94,24.19,0.0
2019,5,7,40.48,22.13,0.0
2019,5,8,41.76,25.09,0.0
2019,5,9,41.1,26.39,0.0
2019,5,10,38.8,25.39,0.0
2019,5,11,38.61,25.46,0.02
2019,5,12,34.72,23.32,0.88
2019,5,13,37.51,22.53,0.0
2019,5,14,37.23,23.54,0.0
2019,5,15,39.57,26.43,0.0
2019,5,16,39.56,24.7,0.0
2019,5,17,35.75,26.46,0.0
2019,5,18,37.76,24.73,0.0
2019,5,19,37.9,24.49,0.0
2019,5,20,37.9,24.63,0.0
2019,5,21,37.83,23.33,0.0
2019,5,22,38.73,23.8,0.0
2019,5,23,39.98,25.73,0.0
2019,5,24,40.27,24.07,0.0
2019,5,25,41.07,24.98,0.0
2019,5,26,40.69,22.98,0.0
2019,5,27,41.4,26.1,0.0
2019,5,28,41.57,26.7,0.0
2019,5,29,42.51,27.05,0.0
2019,5,30,43.5,26.49,0.0
2019,5,31,43.01,26.72,0.0
2019,6,1,42.59,27.78,0.0
2019,6,2,43.21,26.59,0.0
2019,6,3,42.44,29.09,0.0
2019,6,4,42.8,26.87,0.0
2019,6,5,42.17,26.12,0.0
2019,6,6,41.83,27.23,0.0
2019,6,7,43.44,27.44,0.0
2019,6,8,43.76,27.55,0.0
2019,6,9,44.35,29.47,0.0
2019,6,10,45.2,28.58,0.0
2019,6,11,45.05,27.78,0.0
2019,6,12,44.92,28.39,0.0
2019,6,13,44.24,27.96,0.0
2019,6,14,44.39,28.81,0.0
2019,6,15,45.74,31.82,0.0
2019,6,16,46.16,31.45,0.0
2019,6,17,45.76,30.0,0.0
2019,6,18,44.84,29.82,0.0
2019,6,19,43.49,28.24,0.0
2019,6,20,41.9,27.71,0.0
2019,6,21,39.83,25.71,0.0
2019,6,22,40.94,25.62,0.0
2019,6,23,41.66,24.52,0.0
2019,6,24,43.14,28.01,0.0
2019,6,25,45.23,28.06,0.0
2019,6,26,46.3,28.62,0.0
2019,6,27,46.03,28.29,0.0
2019,6,28,46.33,30.58,0.0
2019,6,29,46.18,29.6,0.0
2019,6,30,46.72,29.54,0.0
2019,7,1,45.04,28.36,0.0
2019,7,2,43.89,27.88,0.0
2019,7,3,43.26,28.58,0.0
2019,7,4,44.83,28.05,0.0
2019,7,5,44.62,29.11,0.0
2019,7,6,45.49,28.55,0.0
2019,7,7,46.15,29.98,0.0
2019,7,8,46.4,30.62,0.0
2019,7,9,44.12,29.44,0.0
2019,7,10,43.05,27.75,0.0
2019,7,11,43.51,27.29,0.0
2019,7,12,44.2,26.69,0.0
2019,7,13,43.57,27.48,0.0
2019,7,14,43.12,27.4,0.0
2019,7,15,43.46,26.73,0.0
2019,7,16,43.57,26.83,0.0
2019,7,17,42.82,26.8,0.0
2019,7,18,41.94,26.62,0.0
2019,7,19,43.37,29.06,0.0
2019,7,20,42.08,28.87,0.0
2019,7,21,43.35,27.61,0.0
2019,7,22,44.34,27.2,0.0
2019,7,23,44.82,29.03,0.0
2019,7,24,44.8,28.27,0.0
2019,7,25,46.07,28.8,0.0
2019,7,26,45.98,28.36,0.0
2019,7,27,45.12,28.48,0.0
2019,7,28,44.63,27.68,0.0
2019,7,29,44.16,27.1,0.0
2019,7,30,45.87,28.79,0.0
2019,7,31,45.51,29.47,0.0
2019,8,1,46.17,31.88,0.0
2019,8,2,46.51,29.36,0.0
2019,8,3,45.26,30.4,0.0
2019,8,4,44.16,28.97,0.0
2019,8,5,44.01,26.74,0.0
2019,8,6,43.65,27.63,0.0
2019,8,7,43.25,27.89,0.0
2019,8,8,43.29,28.32,0.0
2019,8,9,42.76,28.86,0.0
2019,8,10,43.02,28.21,0.0
2019,8,11,43.03,27.76,0.0
2019,8,12,41.93,27.46,0.0
2019,8,13,43.55,28.29,0.0
2019,8,14,43.51,28.51,0.0
2019,8,15,44.64,28.48,0.0
2019,8,16,44.43,29.8,0.0
2019,8,17,42.38,27.41,0.0
2019,8,18,42.25,25.57,0.0
2019,8,19,42.66,25.95,0.0
2019,8,20,43.24,26.74,0.0
2019,8,21,42.72,29.36,0.0
2019,8,22,43.87,28.9,0.0
2019,8,23,43.19,27.42,0.0
2019,8,24,43.07,27.37,0.0
2019,8,25,43.6,27.6,0.0
2019,8,26,43.16,28.16,0.0
2019,8,27,44.4,28.72,0.0
2019,8,28,44.11,30.44,0.0
2019,8,29,43.78,29.84,0.0
2019,8,30,43.74,27.44,0.0
2019,8,31,44.71,27.33,0.0
2019,9,1,45.08,27.29,0.0
2019,9,2,44.63,28.7,0.0
2019,9,3,44.98,31.1,0.0
2019,9,4,44.3,27.44,0.0
2019,9,5,43.83,28.28,0.0
2019,9,6,44.4,30.69,0.0
2019,9,7,44.0,28.15,0.0
2019,9,8,42.79,27.86,0.0
2019,9,9,41.87,25.32,0.0
2019,9,10,40.65,24.65,0.0
2019,9,11,40.19,24.21,0.0
2019,9,12,39.48,25.23,0.0
2019,9,13,40.25,25.08,0.0
2019,9,14,41.25,24.09,0.0
2019,9,15,41.67,24.8,0.0
2019,9,16,42.19,25.43,0.0
2019,9,17,41.94,27.11,0.0
2019,9,18,42.4,29.12,0.0
2019,9,19,41.74,26.04,0.0
2019,9,20,40.96,24.99,0.0
2019,9,21,41.11,24.29,0.0
2019,9,22,40.94,24.41,0.0
2019,9,23,41.46,24.69,0.0
2019,9,24,41.39,25.48,0.0
2019,9,25,41.24,24.84,0.0
2019,9,26,39.73,23.58,0.0
2019,9,27,39.05,25.64,0.0
2019,9,28,40.05,28.43,0.0
2019,9,29,40.03,27.05,0.0
2019,9,30,40.33,26.08,0.0
2019,10,1,40.38,25.6,0.0
2019,10,2,40.41,25.46,0.0
2019,10,3,40.54,25.83,0.0
2019,10,4,41.75,25.81,0.0
2019,10,5,39.55,25.48,0.0
2019,10,6,39.08,23.86,0.0
2019,10,7,38.8,23.71,0.0
2019,10,8,36.42,23.83,0.0
2019,10,9,36.55,23.28,0.0
2019,10,10,37.24,26.03,0.0
2019,10,11,37.97,24.68,0.0
2019,10,12,37.12,23.32,0.0
2019,10,13,37.03,22.48,0.0
2019,10,14,36.76,23.15,0.0
2019,10,15,35.67,21.44,0.0
2019,10,16,35.04,21.69,0.0
2019,10,17,34.64,22.58,0.0
2019,10,18,35.74,22.04,0.0
2019,10,19,35.03,22.91,0.0
2019,10,20,34.81,22.44,0.0
2019,10,21,35.43,20.21,0.0
2019,10,22,35.35,20.73,0.0
2019,10,23,35.23,20.05,0.0
2019,10,24,35.48,21.93,0.0
2019,10,25,35.49,21.56,0.0
2019,10,26,36.12,21.43,0.0
2019,10,27,36.75,21.75,0.0
2019,10,28,36.26,21.32,0.0
2019,10,29,36.54,20.21,0.0
2019,10,30,36.78,21.63,0.0
2019,10,31,32.55,19.03,0.0
2019,11,1,31.08,18.04,0.0
2019,11,2,33.05,18.3,0.0
2019,11,3,35.69,19.96,0.0
2019,11,4,34.87,21.15,0.0
2019,11,5,34.01,19.87,0.0
2019,11,6,31.82,18.54,0.0
2019,11,7,32.96,18.72,0.0
2019,11,8,33.29,19.16,0.0
2019,11,9,33.09,20.59,0.0
2019,11,10,31.8,21.05,0.0
2019,11,11,27.44,17.33,0.0
2019,11,12,26.55,15.65,0.0
2019,11,13,26.44,16.18,0.0
2019,11,14,27.19,14.61,0.0
2019,11,15,27.09,15.28,0.0
2019,11,16,26.3,16.16,0.0
2019,11,17,26.37,16.5,0.0
2019,11,18,25.65,16.17,0.23
2019,11,19,23.34,14.21,6.11
2019,11,20,20.22,8.83,0.0
2019,11,21,19.77,5.76,0.0
2019,11,22,20.41,8.33,0.0
2019,11,23,19.02,9.64,0.0
2019,11,24,24.21,12.32,0.06
2019,11,25,25.44,14.15,2.66
2019,11,26,26.4,12.45,0.0
2019,11,27,26.26,14.04,0.0
2019,11,28,26.16,13.88,0.0
2019,11,29,26.48,15.63,0.06
2019,11,30,27.55,13.57,0.0
2019,12,1,26.95,13.08,0.0
2019,12,2,27.19,13.32,0.0
2019,12,3,24.92,13.12,0.0
2019,12,4,23.87,9.84,0.0
2019,12,5,25.23,10.36,0.0
2019,12,6,25.04,12.37,0.0
2019,12,7,27.04,12.03,0.0
2019,12,8,24.23,12.97,0.0
2019,12,9,24.1,9.57,0.0
2019,12,10,27.65,15.63,0.03
2019,12,11,25.58,12.52,0.0
2019,12,12,25.01,10.17,0.0
2019,12,13,27.8,14.64,0.0
2019,12,14,24.19,11.24,0.0
2019,12,15,21.42,15.05,0.49
2019,12,16,24.89,15.79,0.21
2019,12,17,20.65,9.33,0.0
2019,12,18,19.8,10.74,0.0
2019,12,19,19.35,6.9,0.0
2019,12,20,19.09,5.87,0.0
2019,12,21,18.51,4.72,0.0
2019,12,22,18.8,6.47,0.0
2019,12,23,20.98,5.44,0.0
2019,12,24,23.4,6.44,0.0
2019,12,25,23.51,6.91,0.0
2019,12,26,24.84,8.83,0.0
2019,12,27,26.59,10.03,0.0
2019,12,28,25.3,9.44,0.0
2019,12,29,23.22,8.8,0.0
2019,12,30,24.27,8.01,0.0
2019,12,31,27.3,10.87,0.0
2020,1,1,22.85,10.06,0.0
2020,1,2,26.93,11.71,0.0
2020,1,3,29.73,14.25,0.0
2020,1,4,29.44,14.77,0.0
2020,1,5,17.48,9.04,2.78
2020,1,6,18.34,5.72,0.0
2020,1,7,20.03,6.53,0.0
2020,1,8,23.37,7.67,0.0
2020,1,9,24.82,9.92,0.06
2020,1,10,21.27,6.61,0.0
2020,1,11,16.52,6.02,0.0
2020,1,12,15.73,3.94,0.0
2020,1,13,18.8,3.9,0.0
2020,1,14,18.19,3.58,0.0
2020,1,15,16.83,2.01,0.0
2020,1,16,19.3,4.58,0.0
2020,1,17,21.98,5.81,0.0
2020,1,18,25.97,8.49,0.0
2020,1,19,26.51,11.05,0.0
2020,1,20,22.26,7.98,0.0
2020,1,21,22.38,6.71,0.0
2020,1,22,24.28,9.56,0.0
2020,1,23,17.51,6.19,0.03
2020,1,24,19.16,3.47,0.0
2020,1,25,18.51,5.33,0.0
2020,1,26,14.68,2.34,0.0
2020,1,27,17.11,1.64,0.0
2020,1,28,19.73,5.26,0.0
2020,1,29,23.42,5.42,0.0
2020,1,30,21.88,7.15,0.0
2020,1,31,24.41,8.65,0.0
2020,2,1,23.07,10.82,0.0
2020,2,2,21.69,6.05,0.0
2020,2,3,20.4,6.04,0.0
2020,2,4,23.22,5.83,0.0
2020,2,5,23.03,9.94,0.0
2020,2,6,26.35,10.9,0.0
2020,2,7,29.65,13.02,0.0
2020,2,8,31.09,15.8,0.0
2020,2,9,25.24,12.44,0.0
2020,2,10,21.49,7.92,0.0
2020,2,11,16.73,4.01,0.0
2020,2,12,15.54,0.73,0.0
2020,2,13,18.26,1.23,0.0
2020,2,14,24.12,3.52,0.0
2020,2,15,25.76,8.48,0.0
2020,2,16,26.29,8.51,0.0
2020,2,17,30.07,14.57,0.0
2020,2,18,29.49,13.9,0.0
2020,2,19,32.07,14.98,0.0
2020,2,20,24.34,12.55,0.0
2020,2,21,23.75,8.9,0.0
2020,2,22,28.12,10.58,0.0
2020,2,23,29.68,13.04,0.0
2020,2,24,32.19,16.23,0.0
2020,2,25,34.19,15.78,0.0
2020,2,26,24.29,12.62,0.0
2020,2,27,24.87,8.98,0.0
2020,2,28,28.04,10.36,0.0
2020,2,29,30.89,10.64,0.0
2020,3,1,32.89,15.94,0.0
2020,3,2,25.56,11.25,0.0
2020,3,3,24.7,7.47,0.0
2020,3,4,26.89,9.35,0.0
2020,3,5,28.52,10.94,0.0
2020,3,6,30.68,10.67,0.0
2020,3,7,31.94,14.44,0.0
2020,3,8,27.17,12.15,0.0
2020,3,9,25.39,11.41,0.0
2020,3,10,27.24,12.84,0.0
2020,3,11,28.26,11.42,0.0
2020,3,12,28.95,12.05,0.0
2020,3,13,30.6,12.55,0.0
2020,3,14,26.97,16.9,0.0
2020,3,15,28.97,15.81,0.0
2020,3,16,28.48,13.56,0.0
2020,3,17,30.38,13.4,0.0
2020,3,18,31.91,19.19,0.0
2020,3,19,31.52,13.78,0.03
2020,3,20,30.76,14.37,0.0
2020,3,21,30.94,16.9,0.0
2020,3,22,24.58,12.04,0.0
2020,3,23,25.83,8.09,0.0
2020,3,24,27.72,10.66,0.0
2020,3,25,31.23,11.99,0.0
2020,3,26,33.16,15.3,0.0
2020,3,27,35.15,17.3,0.0
2020,3,28,35.96,18.37,0.0
2020,3,29,30.37,18.13,0.0
2020,3,30,28.97,14.9,0.0
2020,3,31,29.88,14.05,0.0
2020,4,1,33.32,16.48,0.0
2020,4,2,35.65,19.57,0.0
2020,4,3,35.87,16.83,0.0
2020,4,4,32.7,15.59,0.0
2020,4,5,34.35,17.08,0.0
2020,4,6,36.32,17.52,0.24
2020,4,7,37.85,21.47,0.0
2020,4,8,39.71,23.08,0.0
2020,4,9,40.19,24.38,0.0
2020,4,10,40.04,25.83,0.0
2020,4,11,33.83,24.82,0.0
2020,4,12,34.32,21.44,0.9
2020,4,13,26.98,18.42,0.36
2020,4,14,29.66,15.53,0.36
2020,4,15,27.05,15.0,7.22
2020,4,16,28.6,14.59,0.07
2020,4,17,31.7,15.85,0.67
2020,4,18,33.19,20.45,3.86
2020,4,19,30.21,20.48,0.0
2020,4,20,26.02,17.83,0.92
2020,4,21,25.71,18.5,12.97
2020,4,22,33.3,17.09,0.46
2020,4,23,36.58,18.98,0.0
2020,4,24,37.99,21.01,0.0
2020,4,25,39.1,22.8,0.0
2020,4,26,36.98,22.3,0.9
2020,4,27,33.09,19.58,0.0
2020,4,28,36.12,16.96,0.0
2020,4,29,39.05,23.97,0.0
2020,4,30,36.43,21.45,0.0
2020,5,1,35.9,20.18,0.0
2020,5,2,37.94,22.22,0.0
2020,5,3,36.19,21.23,0.0
2020,5,4,37.32,19.38,0.0
2020,5,5,39.08,21.74,0.11
2020,5,6,38.19,24.77,0.16
2020,5,7,36.25,23.39,0.0
2020,5,8,36.07,21.34,0.0
2020,5,9,40.52,22.76,0.0
2020,5,10,40.08,25.86,0.0
2020,5,11,37.71,25.92,0.0
2020,5,12,37.81,24.51,0.0
2020,5,13,36.95,22.08,0.0
2020,5,14,38.05,20.85,0.0
2020,5,15,36.95,21.83,0.0
2020,5,16,39.31,23.88,0.0
2020,5,17,39.96,24.49,0.0
2020,5,18,40.51,24.79,0.0
2020,5,19,39.35,26.26,0.0
2020,5,20,40.05,24.68,0.0
2020,5,21,40.9,24.37,0.0
2020,5,22,40.81,23.52,0.0
2020,5,23,40.44,25.14,0.0
2020,5,24,41.07,24.86,0.0
2020,5,25,41.95,24.73,0.0
2020,5,26,39.06,22.83,0.0
2020,5,27,41.22,22.94,0.0
2020,5,28,42.48,24.4,0.0
2020,5,29,43.12,25.33,0.0
2020,5,30,42.99,28.1,0.0
2020,5,31,42.46,25.87,0.0
2020,6,1,42.77,26.9,0.0
2020,6,2,43.48,26.52,0.0
2020,6,3,43.72,27.58,0.0
2020,6,4,43.89,27.73,0.0
2020,6,5,43.83,27.7,0.0
2020,6,6,43.36,26.94,0.0
2020,6,7,42.62,27.88,0.0
2020,6,8,42.83,26.19,0.0
2020,6,9,43.59,27.11,0.0
2020,6,10,43.44,27.16,0.0
2020,6,11,43.55,26.73,0.0
2020,6,12,44.43,27.82,0.0
2020,6,13,43.22,25.84,0.0
2020,6,14,43.03,25.49,0.0
2020,6,15,43.48,26.37,0.0
2020,6,16,45.41,28.02,0.0
2020,6,17,44.47,27.58,0.0
2020,6,18,42.7,27.0,0.0
2020,6,19,42.42,25.05,0.0
2020,6,20,42.7,25.17,0.0
2020,6,21,41.39,26.12,0.0
2020,6,22,39.3,25.55,0.0
2020,6,23,40.28,24.68,0.0
2020,6,24,39.82,24.08,0.0
2020,6,25,42.21,25.56,0.0
2020,6,26,43.34,26.8,0.0
2020,6,27,45.56,27.33,0.0
2020,6,28,44.34,26.76,0.0
2020,6,29,45.98,27.64,0.0
2020,6,30,45.64,27.94,0.0
2020,7,1,45.23,29.06,0.0
2020,7,2,44.16,27.9,0.0
2020,7,3,43.84,27.76,0.0
2020,7,4,44.9,27.31,0.0
2020,7,5,45.51,30.05,0.0
2020,7,6,45.4,29.55,0.0
2020,7,7,46.23,29.11,0.0
2020,7,8,46.26,28.57,0.0
2020,7,9,45.55,29.27,0.0
2020,7,10,45.08,29.26,0.0
2020,7,11,45.58,29.65,0.0
2020,7,12,45.26,29.66,0.0
2020,7,13,44.46,29.48,0.0
2020,7,14,44.61,28.97,0.0
2020,7,15,45.33,29.24,0.0
2020,7,16,44.08,29.89,0.0
2020,7,17,44.25,29.4,0.0
2020,7,18,43.76,29.21,0.0
2020,7,19,44.49,30.76,0.0
2020,7,20,46.52,30.83,0.0
2020,7,21,45.4,32.19,0.0
2020,7,22,45.01,30.3,0.0
2020,7,23,43.7,30.67,0.07
2020,7,24,43.92,30.88,0.0
2020,7,25,43.2,30.04,0.0
2020,7,26,42.27,30.33,0.0
2020,7,27,44.23,29.98,0.0
2020,7,28,45.67,31.57,0.0
2020,7,29,45.32,31.1,0.0
2020,7,30,46.65,31.23,0.0
2020,7,31,47.47,32.26,0.0
2020,8,1,47.2,33.19,0.0
2020,8,2,46.13,31.94,0.0
2020,8,3,45.9,30.72,0.0
2020,8,4,44.7,29.3,0.0
2020,8,5,43.51,27.74,0.0
2020,8,6,42.37,28.1,0.0
2020,8,7,42.76,27.66,0.0
2020,8,8,43.24,28.96,0.0
2020,8,9,42.3,29.39,0.0
2020,8,10,42.4,28.61,0.0
2020,8,11,40.38,26.76,0.0
2020,8,12,41.23,25.77,0.0
2020,8,13,42.21,25.65,0.0
2020,8,14,42.77,27.93,0.0
2020,8,15,43.04,27.42,0.0
2020,8,16,43.94,26.95,0.0
2020,8,17,43.17,27.62,0.0
2020,8,18,41.25,26.46,0.0
2020,8,19,42.21,24.23,0.0
2020,8,20,43.2,25.3,0.0
2020,8,21,44.3,27.69,0.0
2020,8,22,45.31,27.81,0.0
2020,8,23,46.12,28.19,0.0
2020,8,24,46.19,29.48,0.0
2020,8,25,43.16,27.78,0.0
2020,8,26,42.48,27.26,0.0
2020,8,27,41.76,26.65,0.0
2020,8,28,41.37,25.01,0.0
2020,8,29,41.19,24.91,0.0
2020,8,30,41.25,26.05,0.0
2020,8,31,41.92,25.53,0.0
2020,9,1,41.29,25.79,0.0
2020,9,2,40.79,27.31,0.0
2020,9,3,41.13,25.83,0.0
2020,9,4,42.67,27.85,0.0
2020,9,5,41.78,26.3,0.0
2020,9,6,41.37,26.04,0.0
2020,9,7,40.18,24.15,0.0
2020,9,8,40.76,26.48,0.0
2020,9,9,42.07,26.46,0.0
2020,9,10,42.3,25.58,0.0
2020,9,11,42.24,27.29,0.0
2020,9,12,41.83,25.44,0.0
2020,9,13,40.87,27.46,0.0
2020,9,14,41.15,29.63,0.0
2020,9,15,42.02,28.63,0.0
2020,9,16,41.38,24.83,0.0
2020,9,17,40.55,24.44,0.0
2020,9,18,39.87,25.69,0.0
2020,9,19,40.17,27.13,0.0
2020,9,20,40.58,24.47,0.0
2020,9,21,39.89,23.85,0.0
2020,9,22,39.83,22.31,0.0
2020,9,23,40.66,22.62,0.0
2020,9,24,40.69,25.0,0.0
2020,9,25,39.49,23.57,0.0
2020,9,26,39.88,26.21,0.0
2020,9,27,40.26,23.77,0.0
2020,9,28,38.94,22.92,0.0
2020,9,29,37.93,22.21,0.0
2020,9,30,37.89,22.21,0.0
2020,10,1,38.0,24.35,0.0
2020,10,2,39.08,23.19,0.0
2020,10,3,38.13,22.18,0.0
2020,10,4,36.96,23.01,0.0
2020,10,5,38.63,24.16,0.0
2020,10,6,39.06,24.26,0.0
2020,10,7,37.73,22.12,0.0
2020,10,8,36.51,20.51,0.0
2020,10,9,35.22,18.81,0.0
2020,10,10,33.93,17.73,0.0
2020,10,11,32.17,16.58,0.0
2020,10,12,32.62,16.66,0.0
2020,10,13,32.81,16.98,0.0
2020,10,14,33.17,16.96,0.0
2020,10,15,34.02,18.42,0.0
2020,10,16,32.61,17.4,0.0
2020,10,17,32.0,18.7,0.0
2020,10,18,32.21,18.86,0.0
2020,10,19,32.57,16.76,0.0
2020,10,20,32.15,15.8,0.0
2020,10,21,32.63,15.37,0.0
2020,10,22,32.28,15.14,0.0
2020,10,23,32.55,16.42,0.0
2020,10,24,30.94,16.61,0.0
2020,10,25,31.18,15.44,0.0
2020,10,26,31.32,15.09,0.0
2020,10,27,30.99,15.82,0.0
2020,10,28,30.56,17.94,0.0
2020,10,29,30.23,17.07,0.0
2020,10,30,29.37,16.7,0.0
2020,10,31,30.06,16.26,0.0
2020,11,1,30.44,15.19,0.0
2020,11,2,30.89,15.85,0.0
2020,11,3,31.32,15.58,0.0
2020,11,4,31.3,15.54,0.0
2020,11,5,30.74,15.41,0.0
2020,11,6,31.09,14.83,0.0
2020,11,7,30.96,15.1,0.0
2020,11,8,31.37,15.83,0.0
2020,11,9,31.8,16.7,0.0
2020,11,10,32.37,17.95,0.0
2020,11,11,33.23,17.75,0.0
2020,11,12,32.85,17.26,0.0
2020,11,13,32.21,17.14,0.0
2020,11,14,26.28,15.52,0.0
2020,11,15,28.26,13.62,0.0
2020,11,16,30.66,15.9,0.0
2020,11,17,31.19,17.08,0.0
2020,11,18,28.0,14.34,0.0
2020,11,19,28.47,13.48,0.0
2020,11,20,28.73,14.79,0.0
2020,11,21,29.9,14.69,0.0
2020,11,22,26.72,14.98,0.0
2020,11,23,25.37,12.11,0.0
2020,11,24,24.7,11.53,0.0
2020,11,25,25.62,11.28,0.0
2020,11,26,27.15,11.13,0.0
2020,11,27,21.91,15.58,0.06
2020,11,28,25.64,16.42,3.74
2020,11,29,27.8,16.14,0.89
2020,11,30,24.78,14.26,0.26
2020,12,1,22.58,14.05,2.15
2020,12,2,25.47,14.44,0.0
2020,12,3,28.58,15.5,0.0
2020,12,4,28.58,14.79,0.0
2020,12,5,28.65,14.55,0.06
2020,12,6,25.8,12.22,0.06
2020,12,7,21.15,8.48,0.0
2020,12,8,21.84,7.69,0.0
2020,12,9,24.93,9.3,0.0
2020,12,10,24.29,10.27,0.0
2020,12,11,22.85,7.77,0.0
2020,12,12,22.38,8.94,0.0
2020,12,13,23.43,9.6,0.0
2020,12,14,23.34,9.1,0.0
2020,12,15,23.33,7.87,0.0
2020,12,16,24.54,8.69,0.0
2020,12,17,26.12,10.51,0.0
2020,12,18,23.52,10.57,0.0
2020,12,19,18.67,10.69,0.0
2020,12,20,20.44,9.15,0.0
2020,12,21,20.98,9.16,0.0
2020,12,22,23.15,9.59,0.0
2020,12,23,24.03,9.15,0.0
2020,12,24,25.9,11.94,0.0
2020,12,25,19.69,9.59,0.0
2020,12,26,17.9,6.65,0.0
2020,12,27,18.51,5.98,0.0
2020,12,28,19.34,4.57,0.0
2020,12,29,21.01,6.94,0.0
2020,12,30,21.48,8.15,0.0
2020,12,31,21.38,7.58,0.0
2021,1,1,19.9,10.72,0.01
2021,1,2,23.38,11.13,0.0
2021,1,3,23.5,10.35,0.0
2021,1,4,25.22,10.64,0.36
2021,1,5,23.91,11.44,0.0
2021,1,6,23.37,9.98,0.0
2021,1,7,20.16,11.53,0.19
2021,1,8,16.8,10.66,6.75
2021,1,9,19.44,7.37,0.0
2021,1,10,19.35,7.81,0.0
2021,1,11,19.52,8.36,0.0
2021,1,12,19.05,5.26,0.0
2021,1,13,20.05,2.8,0.0
2021,1,14,22.58,5.0,0.0
2021,1,15,24.71,8.87,0.0
2021,1,16,23.69,9.48,0.0
2021,1,17,27.13,11.55,0.0
2021,1,18,26.31,9.56,0.0
2021,1,19,22.63,7.76,0.0
2021,1,20,26.37,7.74,0.0
2021,1,21,17.98,5.85,0.0
2021,1,22,16.26,2.62,0.0
2021,1,23,17.94,2.73,0.0
2021,1,24,20.81,5.51,0.0
2021,1,25,23.21,6.38,0.0
2021,1,26,24.47,8.33,0.0
2021,1,27,24.4,8.87,0.0
2021,1,28,26.83,10.5,0.0
2021,1,29,28.7,11.63,0.0
2021,1,30,23.66,10.2,0.0
2021,1,31,22.08,6.4,0.0
2021,2,1,23.64,8.6,0.0
2021,2,2,24.8,9.89,0.0
2021,2,3,26.55,9.78,0.0
2021,2,4,27.71,10.91,0.0
2021,2,5,27.57,11.27,0.0
2021,2,6,22.38,11.04,0.0
2021,2,7,21.61,9.49,0.0
2021,2,8,20.3,7.71,0.0
2021,2,9,23.12,6.98,0.0
2021,2,10,24.28,7.02,0.0
2021,2,11,25.74,8.44,0.0
2021,2,12,26.94,11.78,0.0
2021,2,13,25.51,12.69,0.0
2021,2,14,27.8,13.15,0.0
2021,2,15,28.23,12.19,0.0
2021,2,16,29.48,12.83,0.0
2021,2,17,32.36,13.69,0.0
2021,2,18,21.56,13.45,0.21
2021,2,19,18.64,8.79,0.4
2021,2,20,14.21,8.68,0.89
2021,2,21,19.47,10.31,1.33
2021,2,22,23.02,9.73,0.1
2021,2,23,22.35,11.15,0.0
2021,2,24,24.83,11.33,0.0
2021,2,25,22.06,9.19,0.0
2021,2,26,22.89,5.75,0.0
2021,2,27,24.09,7.75,0.0
2021,2,28,26.71,8.71,0.01
2021,3,1,28.64,13.02,0.1
2021,3,2,26.75,10.54,0.0
2021,3,3,27.55,11.18,0.54
2021,3,4,32.19,11.98,0.0
2021,3,5,27.24,13.97,0.0
2021,3,6,24.64,10.51,0.0
2021,3,7,26.87,10.02,0.0
2021,3,8,31.55,11.63,0.0
2021,3,9,33.25,15.58,0.0
2021,3,10,30.31,14.21,0.0
2021,3,11,32.37,12.97,0.0
2021,3,12,36.48,19.23,0.0
2021,3,13,27.59,13.47,0.0
2021,3,14,29.36,10.77,0.0
2021,3,15,31.88,13.06,0.0
2021,3,16,34.83,15.99,0.0
2021,3,17,36.82,19.34,0.0
2021,3,18,37.78,19.49,0.0
2021,3,19,34.84,17.87,0.0
2021,3,20,31.08,15.12,0.0
2021,3,21,33.26,14.84,0.0
2021,3,22,36.03,18.2,0.0
2021,3,23,36.78,17.57,0.0
2021,3,24,37.86,21.43,0.0
2021,3,25,38.51,20.02,0.0
2021,3,26,38.35,19.93,0.0
2021,3,27,38.69,20.34,0.0
2021,3,28,26.81,14.69,0.0
2021,3,29,27.84,11.52,0.0
2021,3,30,31.79,11.43,0.0
2021,3,31,35.93,15.73,0.0
2021,4,1,37.75,19.82,0.0
2021,4,2,38.9,20.35,0.0
2021,4,3,31.93,18.7,0.0
2021,4,4,28.49,14.85,0.0
2021,4,5,29.44,13.94,0.0
2021,4,6,31.18,13.53,0.0
2021,4,7,34.73,17.55,0.0
2021,4,8,36.64,17.55,0.0
2021,4,9,37.69,19.66,0.0
2021,4,10,38.23,22.02,0.0
2021,4,11,38.33,20.64,0.0
2021,4,12,37.63,18.72,0.0
2021,4,13,39.2,22.63,0.0
2021,4,14,36.55,24.03,0.0
2021,4,15,31.74,20.48,0.0
2021,4,16,32.89,20.94,0.0
2021,4,17,30.61,19.01,0.0
2021,4,18,34.14,18.58,0.0
2021,4,19,34.83,17.96,0.0
2021,4,20,36.38,20.65,0.0
2021,4,21,37.75,23.56,0.0
2021,4,22,37.83,20.08,0.0
2021,4,23,38.2,21.23,0.0
2021,4,24,37.87,20.4,0.0
2021,4,25,37.77,21.04,0.0
2021,4,26,35.72,23.7,0.0
2021,4,27,35.96,23.15,0.0
2021,4,28,36.58,22.44,2.88
2021,4,29,34.81,21.63,0.56
2021,4,30,35.87,19.71,0.0
2021,5,1,37.08,19.86,0.0
2021,5,2,37.91,23.19,0.0
2021,5,3,36.37,22.58,0.0
2021,5,4,35.0,18.16,0.0
2021,5,5,36.6,21.08,0.0
2021,5,6,37.91,20.02,0.0
2021,5,7,40.08,22.02,0.0
2021,5,8,39.33,23.05,0.0
2021,5,9,38.13,21.99,0.0
2021,5,10,39.54,23.28,0.0
2021,5,11,39.43,24.7,0.0
2021,5,12,41.58,24.91,0.0
2021,5,13,41.39,25.62,0.0
2021,5,14,41.35,24.74,0.0
2021,5,15,41.62,26.63,0.0
2021,5,16,41.36,25.05,0.0
2021,5,17,42.05,24.99,0.0
2021,5,18,41.78,24.23,0.0
2021,5,19,42.57,24.48,0.0
2021,5,20,42.76,25.1,0.0
2021,5,21,42.68,25.51,0.0
2021,5,22,43.41,26.41,0.0
2021,5,23,44.14,28.13,0.0
2021,5,24,42.97,25.26,0.0
2021,5,25,44.27,27.14,0.0
2021,5,26,41.12,26.09,0.0
2021,5,27,42.13,23.47,0.0
2021,5,28,42.97,26.26,0.0
2021,5,29,43.78,27.21,0.0
2021,5,30,43.63,26.02,0.0
2021,5,31,44.46,28.11,0.0
2021,6,1,43.55,28.38,0.0
2021,6,2,44.25,27.37,0.0
2021,6,3,44.9,29.57,0.0
2021,6,4,44.95,28.26,0.0
2021,6,5,45.72,29.74,0.0
2021,6,6,46.23,28.98,0.0
2021,6,7,45.42,28.01,0.0
2021,6,8,44.0,27.74,0.0
2021,6,9,44.33,27.04,0.0
2021,6,10,42.84,27.34,0.0
2021,6,11,41.23,25.95,0.0
2021,6,12,40.16,24.99,0.0
2021,6,13,40.13,23.93,0.0
2021,6,14,40.98,25.99,0.0
2021,6,15,43.57,26.39,0.0
2021,6,16,43.01,27.27,0.0
2021,6,17,41.62,26.43,0.0
2021,6,18,40.16,24.2,0.0
2021,6,19,42.15,22.61,0.0
2021,6,20,42.96,24.66,0.0
2021,6,21,43.88,24.76,0.0
2021,6,22,44.26,26.05,0.0
2021,6,23,44.33,27.55,0.0
2021,6,24,43.79,26.94,0.0
2021,6,25,43.07,26.6,0.0
2021,6,26,44.23,28.48,0.0
2021,6,27,44.73,29.41,0.0
2021,6,28,45.58,27.59,0.0
2021,6,29,45.38,28.73,0.0
2021,6,30,45.08,28.16,0.0
2021,7,1,45.51,28.55,0.0
2021,7,2,46.36,30.48,0.0
2021,7,3,45.87,29.15,0.0
2021,7,4,45.42,28.8,0.0
2021,7,5,44.93,27.25,0.0
2021,7,6,43.79,27.14,0.0
2021,7,7,44.33,28.14,0.0
2021,7,8,45.55,28.23,0.0
2021,7,9,45.88,28.3,0.0
2021,7,10,46.4,29.01,0.0
2021,7,11,46.62,29.94,0.0
2021,7,12,46.88,31.39,0.0
2021,7,13,46.67,32.9,0.0
2021,7,14,44.97,29.83,0.0
2021,7,15,44.44,29.39,0.0
2021,7,16,43.58,28.44,0.0
2021,7,17,40.26,29.65,0.0
2021,7,18,38.1,29.37,0.0
2021,7,19,41.42,29.4,0.0
2021,7,20,45.56,31.69,0.0
2021,7,21,44.9,32.9,0.0
2021,7,22,44.41,33.68,0.14
2021,7,23,46.34,31.93,0.77
2021,7,24,45.77,30.26,0.0
2021,7,25,44.69,31.34,0.0
2021,7,26,46.19,29.93,0.0
2021,7,27,47.08,31.42,0.0
2021,7,28,46.76,32.05,0.0
2021,7,29,45.15,30.94,0.0
2021,7,30,45.39,29.65,0.0
2021,7,31,45.38,30.6,0.0
2021,8,1,44.92,30.91,0.0
2021,8,2,44.86,27.95,0.0
2021,8,3,44.62,27.43,0.0
2021,8,4,44.98,28.49,0.0
2021,8,5,44.77,27.87,0.0
2021,8,6,44.76,28.87,0.0
2021,8,7,45.56,28.8,0.0
2021,8,8,45.1,31.3,0.0
2021,8,9,44.36,29.76,0.0
2021,8,10,43.94,28.31,0.0
2021,8,11,44.51,27.88,0.0
2021,8,12,45.7,30.38,0.0
2021,8,13,46.33,30.71,0.0
2021,8,14,45.73,29.38,0.0
2021,8,15,44.33,28.3,0.0
2021,8,16,43.43,27.17,0.0
2021,8,17,42.78,27.23,0.0
2021,8,18,43.39,27.09,0.0
2021,8,19,41.48,25.22,0.0
2021,8,20,42.8,27.15,0.0
2021,8,21,43.08,27.3,0.0
2021,8,22,43.65,28.34,0.0
2021,8,23,43.75,28.75,0.0
2021,8,24,43.65,29.02,0.0
2021,8,25,43.88,29.23,0.0
2021,8,26,44.1,29.84,0.0
2021,8,27,44.11,28.54,0.0
2021,8,28,44.0,29.07,0.0
2021,8,29,43.91,28.64,0.0
2021,8,30,42.82,27.08,0.0
2021,8,31,42.77,26.93,0.0
2021,9,1,43.0,29.08,0.0
2021,9,2,42.94,27.19,0.0
2021,9,3,42.73,26.52,0.0
2021,9,4,43.62,26.73,0.0
2021,9,5,43.09,26.32,0.0
2021,9,6,43.23,27.01,0.0
2021,9,7,43.52,28.65,0.0
2021,9,8,43.68,27.01,0.0
2021,9,9,41.95,26.1,0.0
2021,9,10,40.84,25.4,0.0
2021,9,11,39.3,23.3,0.0
2021,9,12,39.56,23.23,0.0
2021,9,13,39.7,23.21,0.0
2021,9,14,39.19,23.52,0.0
2021,9,15,39.01,23.75,0.0
2021,9,16,37.82,23.08,0.0
2021,9,17,38.21,21.73,0.0
2021,9,18,39.9,23.67,0.0
2021,9,19,39.62,24.42,0.0
2021,9,20,39.56,23.99,0.0
2021,9,21,38.84,22.4,0.0
2021,9,22,38.51,23.3,0.0
2021,9,23,39.86,23.84,0.0
2021,9,24,39.69,23.9,0.0
2021,9,25,39.3,24.48,0.0
2021,9,26,37.97,23.01,0.0
2021,9,27,36.44,21.97,0.0
2021,9,28,35.7,18.74,0.0
2021,9,29,36.61,22.29,0.0
2021,9,30,38.12,22.62,0.0
2021,10,1,39.01,23.26,0.0
2021,10,2,39.13,25.62,0.0
2021,10,3,39.56,23.69,0.0
2021,10,4,37.92,22.61,0.0
2021,10,5,38.32,24.91,0.0
2021,10,6,38.39,22.95,0.0
2021,10,7,37.93,24.4,0.0
2021,10,8,38.02,24.58,0.0
2021,10,9,38.5,21.45,0.0
2021,10,10,38.6,21.26,0.0
2021,10,11,37.93,22.1,0.0
2021,10,12,37.49,23.33,0.0
2021,10,13,36.33,22.52,0.0
2021,10,14,37.3,23.59,0.0
2021,10,15,38.19,20.99,0.0
2021,10,16,38.81,22.24,0.0
2021,10,17,38.4,23.05,0.0
2021,10,18,36.57,22.23,0.0
2021,10,19,36.46,21.45,0.0
2021,10,20,38.86,21.23,0.0
2021,10,21,35.98,21.08,0.0
2021,10,22,33.87,18.24,0.0
2021,10,23,35.13,19.81,0.0
2021,10,24,36.67,20.93,0.0
2021,10,25,35.87,19.5,0.0
2021,10,26,34.97,18.05,0.0
2021,10,27,35.43,19.91,0.0
2021,10,28,34.19,20.82,0.0
2021,10,29,32.37,21.86,0.0
2021,10,30,31.85,19.62,0.0
2021,10,31,31.52,18.75,0.0
2021,11,1,32.04,18.49,0.0
2021,11,2,32.65,17.42,0.0
2021,11,3,33.23,20.08,0.0
2021,11,4,33.15,19.76,0.0
2021,11,5,31.25,16.78,0.0
2021,11,6,32.23,16.7,0.0
2021,11,7,31.33,17.5,0.0
2021,11,8,29.56,15.54,0.0
2021,11,9,28.92,14.69,0.0
2021,11,10,29.23,14.63,0.0
2021,11,11,31.82,15.24,0.0
2021,11,12,32.17,17.28,0.0
2021,11,13,28.86,15.74,0.0
2021,11,14,28.54,14.44,0.0
2021,11,15,28.58,15.69,0.0
2021,11,16,30.74,15.3,0.0
2021,11,17,28.28,15.56,0.0
2021,11,18,27.88,13.56,0.0
2021,11,19,27.43,13.92,0.0
2021,11,20,30.57,16.25,0.0
2021,11,21,31.7,19.32,0.0
2021,11,22,32.19,17.29,0.0
2021,11,23,28.0,15.65,0.0
2021,11,24,26.08,13.87,0.0
2021,11,25,28.29,14.01,0.0
2021,11,26,30.08,14.4,0.0
2021,11,27,30.17,16.39,0.0
2021,11,28,26.8,13.33,0.0
2021,11,29,26.44,11.37,0.0
2021,11,30,27.98,12.58,0.0
2021,12,1,27.23,12.19,0.0
2021,12,2,28.07,12.25,0.0
2021,12,3,22.35,10.88,0.0
2021,12,4,24.12,8.1,0.0
2021,12,5,26.0,9.37,0.0
2021,12,6,27.9,10.72,0.0
2021,12,7,25.55,10.73,0.0
2021,12,8,25.7,10.93,0.0
2021,12,9,26.49,10.63,0.0
2021,12,10,23.0,9.08,0.0
2021,12,11,22.3,8.05,0.0
2021,12,12,23.57,8.15,0.0
2021,12,13,22.44,7.83,0.0
2021,12,14,21.92,9.05,0.0
2021,12,15,20.84,9.76,0.0
2021,12,16,25.09,9.05,0.0
2021,12,17,25.27,12.82,0.0
2021,12,18,27.9,12.62,0.0
2021,12,19,28.19,12.6,0.0
2021,12,20,26.58,13.58,0.0
2021,12,21,27.01,13.8,0.0
2021,12,22,21.04,9.89,0.0
2021,12,23,22.41,10.76,0.0
2021,12,24,25.9,10.3,0.0
2021,12,25,19.56,13.13,0.01
2021,12,26,17.25,9.01,0.36
2021,12,27,20.51,9.36,0.0
2021,12,28,21.23,8.84,0.01
2021,12,29,22.46,11.75,1.08
2021,12,30,22.36,13.19,0.37
2021,12,31,19.2,10.9,0.25
2022,1,1,22.34,11.51,8.74
2022,1,2,25.05,13.59,3.01
2022,1,3,19.87,8.05,0.0
2022,1,4,18.59,6.63,0.0
2022,1,5,19.15,3.82,0.0
2022,1,6,18.79,4.48,0.0
2022,1,7,18.76,3.38,0.0
2022,1,8,21.6,6.16,0.0
2022,1,9,23.22,8.13,0.0
2022,1,10,24.15,8.76,0.0
2022,1,11,23.19,11.69,0.0
2022,1,12,26.67,12.22,0.0
2022,1,13,26.83,12.05,0.0
2022,1,14,26.72,13.58,11.35
2022,1,15,23.3,13.56,8.72
2022,1,16,21.66,10.11,1.02
2022,1,17,24.42,8.98,0.08
2022,1,18,15.69,7.89,0.28
2022,1,19,18.27,6.92,0.0
2022,1,20,21.46,7.15,0.0
2022,1,21,12.77,1.38,0.0
2022,1,22,15.28,-0.42,0.0
2022,1,23,20.92,3.7,0.0
2022,1,24,24.93,7.05,0.0
2022,1,25,23.92,7.63,0.0
2022,1,26,26.33,9.19,0.0
2022,1,27,24.8,9.35,0.0
2022,1,28,17.42,6.56,0.0
2022,1,29,18.98,5.15,0.0
2022,1,30,19.54,5.57,0.0
2022,1,31,22.52,9.27,0.0
2022,2,1,23.11,9.55,0.0
2022,2,2,19.87,5.97,0.0
2022,2,3,25.06,7.44,0.0
2022,2,4,29.81,11.25,0.0
2022,2,5,21.73,8.79,0.0
2022,2,6,19.53,5.69,0.0
2022,2,7,20.51,4.91,0.0
2022,2,8,21.83,5.38,0.0
2022,2,9,22.22,7.51,0.0
2022,2,10,25.55,8.22,0.0
2022,2,11,27.84,10.7,0.0
2022,2,12,20.55,9.01,0.0
2022,2,13,20.03,5.51,0.0
2022,2,14,22.1,5.73,0.0
2022,2,15,23.83,9.21,0.0
2022,2,16,26.3,8.15,0.0
2022,2,17,24.28,7.71,0.0
2022,2,18,25.39,8.25,0.0
2022,2,19,28.93,11.4,0.0
2022,2,20,26.58,13.22,0.0
2022,2,21,23.2,8.9,0.0
2022,2,22,24.11,7.19,0.0
2022,2,23,26.19,8.36,0.0
2022,2,24,29.1,10.58,0.0
2022,2,25,31.77,12.39,0.0
2022,2,26,31.25,15.64,0.0
2022,2,27,25.87,12.65,0.0
2022,2,28,26.16,10.23,0.0
2022,3,1,27.73,11.46,0.0
2022,3,2,30.84,12.25,0.0
2022,3,3,32.05,15.08,0.0
2022,3,4,31.4,15.54,0.0
2022,3,5,25.06,11.92,0.0
2022,3,6,30.21,11.47,0.0
2022,3,7,34.19,15.29,0.0
2022,3,8,30.8,17.07,0.0
2022,3,9,31.59,14.6,0.0
2022,3,10,37.88,18.93,0.0
2022,3,11,37.56,19.85,0.0
2022,3,12,31.93,16.13,0.0
2022,3,13,32.12,12.07,0.0
2022,3,14,34.2,15.84,0.0
2022,3,15,36.35,17.84,0.0
2022,3,16,23.6,12.3,0.0
2022,3,17,19.37,8.75,0.0
2022,3,18,24.85,6.15,0.0
2022,3,19,28.33,8.14,0.0
2022,3,20,31.21,10.96,0.0
2022,3,21,31.19,14.81,0.0
2022,3,22,34.38,16.15,0.0
2022,3,23,35.62,17.82,0.0
2022,3,24,36.39,17.82,0.0
2022,3,25,28.81,13.1,0.0
2022,3,26,26.31,11.42,0.0
2022,3,27,25.19,9.94,0.0
2022,3,28,25.82,10.2,0.0
2022,3,29,27.2,11.01,0.0
2022,3,30,31.05,13.12,0.0
2022,3,31,34.77,14.17,0.0
2022,4,1,36.06,18.47,0.0
2022,4,2,35.82,16.46,0.0
2022,4,3,36.64,19.43,0.0
2022,4,4,38.36,20.33,0.0
2022,4,5,37.77,20.63,0.0
2022,4,6,36.34,17.68,0.0
2022,4,7,38.39,20.01,0.0
2022,4,8,36.31,18.15,0.0
2022,4,9,38.33,18.3,0.0
2022,4,10,36.37,17.9,0.0
2022,4,11,39.16,18.56,0.0
2022,4,12,39.96,22.16,0.0
2022,4,13,38.28,23.01,0.0
2022,4,14,36.36,23.56,0.0
2022,4,15,36.84,21.87,0.0
2022,4,16,37.87,23.23,0.0
2022,4,17,34.91,20.43,0.58
2022,4,18,34.4,17.58,0.0
2022,4,19,36.33,20.12,0.0
2022,4,20,38.37,21.67,0.0
2022,4,21,40.06,22.2,0.0
2022,4,22,33.05,21.9,0.0
2022,4,23,36.44,20.88,0.0
2022,4,24,37.47,21.42,0.01
2022,4,25,29.94,20.56,1.81
2022,4,26,35.55,20.96,0.0
2022,4,27,36.08,19.21,0.07
2022,4,28,29.71,22.26,0.79
2022,4,29,30.18,21.56,4.47
2022,4,30,35.15,19.82,0.96
2022,5,1,39.35,19.41,0.0
2022,5,2,36.52,20.31,0.0
2022,5,3,38.02,20.95,0.0
2022,5,4,40.46,20.61,0.0
2022,5,5,42.08,25.23,0.0
2022,5,6,41.07,24.94,0.0
2022,5,7,38.75,22.36,0.0
2022,5,8,35.93,20.33,0.0
2022,5,9,36.12,18.77,0.0
2022,5,10,36.73,20.63,0.0
2022,5,11,40.74,22.44,0.0
2022,5,12,38.87,21.01,0.0
2022,5,13,37.94,21.22,0.0
2022,5,14,35.15,19.94,0.0
2022,5,15,37.7,19.12,0.0
2022,5,16,40.95,19.69,0.0
2022,5,17,39.96,21.61,0.0
2022,5,18,41.38,23.3,0.0
2022,5,19,42.48,24.44,0.0
2022,5,20,42.74,23.58,0.0
2022,5,21,43.56,24.31,0.0
2022,5,22,42.46,24.27,0.0
2022,5,23,43.83,25.44,0.0
2022,5,24,38.64,24.49,0.0
2022,5,25,39.08,22.49,0.0
2022,5,26,40.69,22.51,0.0
2022,5,27,40.92,22.71,0.0
2022,5,28,42.01,23.09,0.0
2022,5,29,40.78,23.48,0.0
2022,5,30,40.9,24.04,0.0
2022,5,31,41.31,24.9,0.0
2022,6,1,41.49,25.29,0.0
2022,6,2,41.13,23.78,0.0
2022,6,3,40.99,24.07,0.0
2022,6,4,42.83,27.95,0.0
2022,6,5,43.27,27.91,0.0
2022,6,6,44.07,26.33,0.0
2022,6,7,44.49,26.0,0.0
2022,6,8,44.78,26.65,0.0
2022,6,9,45.23,27.78,0.0
2022,6,10,45.07,27.75,0.0
2022,6,11,43.99,26.54,0.0
2022,6,12,44.1,26.69,0.0
2022,6,13,43.26,25.31,0.0
2022,6,14,43.46,26.69,0.0
2022,6,15,43.24,25.55,0.0
2022,6,16,43.46,27.26,0.0
2022,6,17,43.72,27.23,0.0
2022,6,18,44.17,27.79,0.0
2022,6,19,44.94,25.93,0.0
2022,6,20,46.09,28.04,0.0
2022,6,21,45.51,27.94,0.0
2022,6,22,45.44,29.01,0.0
2022,6,23,45.88,29.51,0.0
2022,6,24,44.37,27.36,0.0
2022,6,25,45.55,28.62,0.0
2022,6,26,45.74,30.8,0.0
2022,6,27,42.88,27.71,0.0
2022,6,28,42.71,25.44,0.0
2022,6,29,42.34,27.73,0.0
2022,6,30,44.33,26.65,0.0
2022,7,1,44.62,27.97,0.0
2022,7,2,44.67,27.97,0.0
2022,7,3,43.51,27.33,0.0
2022,7,4,42.57,27.34,0.0
2022,7,5,42.71,27.76,0.0
2022,7,6,42.32,27.01,0.0
2022,7,7,40.28,27.99,0.0
2022,7,8,43.4,29.09,0.0
2022,7,9,43.58,29.05,0.0
2022,7,10,43.53,27.47,0.0
2022,7,11,42.15,29.3,0.0
2022,7,12,38.66,29.23,0.0
2022,7,13,41.36,26.86,0.0
2022,7,14,42.94,28.88,0.0
2022,7,15,43.53,28.46,0.0
2022,7,16,43.58,29.32,0.0
2022,7,17,44.01,29.03,0.0
2022,7,18,44.62,30.31,0.0
2022,7,19,45.3,30.8,0.0
2022,7,20,45.55,30.26,0.0
2022,7,21,45.31,28.94,0.0
2022,7,22,45.09,30.16,0.0
2022,7,23,45.8,32.34,0.0
2022,7,24,45.69,29.8,0.0
2022,7,25,46.33,30.87,0.0
2022,7,26,43.81,29.59,0.0
2022,7,27,42.5,29.16,0.0
2022,7,28,40.89,30.43,0.04
2022,7,29,39.1,26.44,0.31
2022,7,30,41.26,27.46,0.36
2022,7,31,38.81,29.27,0.0
2022,8,1,37.9,29.59,0.56
2022,8,2,39.94,30.24,0.0
2022,8,3,43.35,30.64,0.0
2022,8,4,43.46,31.53,0.0
2022,8,5,45.82,32.5,0.0
2022,8,6,47.0,31.91,0.0
2022,8,7,47.01,31.58,0.0
2022,8,8,46.08,31.15,0.0
2022,8,9,46.2,31.98,0.0
2022,8,10,46.29,31.87,0.0
2022,8,11,45.05,32.42,0.0
2022,8,12,44.7,31.04,0.0
2022,8,13,45.12,30.92,0.0
2022,8,14,44.37,29.62,0.0
2022,8,15,44.32,28.54,0.0
2022,8,16,43.83,28.74,0.0
2022,8,17,44.76,29.3,0.0
2022,8,18,44.87,28.25,0.0
2022,8,19,45.68,29.1,0.0
2022,8,20,45.23,28.98,0.0
2022,8,21,45.57,29.44,0.0
2022,8,22,44.86,29.21,0.0
2022,8,23,43.62,29.45,0.0
2022,8,24,42.51,28.07,0.0
2022,8,25,41.96,27.64,0.0
2022,8,26,41.4,27.5,0.0
2022,8,27,41.14,27.97,0.0
2022,8,28,41.29,26.52,0.0
2022,8,29,41.64,26.18,0.0
2022,8,30,41.91,25.58,0.0
2022,8,31,39.58,25.98,0.0
2022,9,1,40.9,25.42,0.0
2022,9,2,41.81,25.65,0.0
2022,9,3,42.76,28.19,0.0
2022,9,4,42.94,27.16,0.0
2022,9,5,42.97,26.62,0.0
2022,9,6,43.76,26.74,0.0
2022,9,7,42.65,28.33,0.0
2022,9,8,41.9,27.31,0.0
2022,9,9,42.41,28.61,0.0
2022,9,10,43.01,26.84,0.0
2022,9,11,42.68,27.36,0.0
2022,9,12,43.3,26.51,0.0
2022,9,13,43.19,26.58,0.0
2022,9,14,43.16,24.98,0.0
2022,9,15,42.05,26.71,0.0
2022,9,16,40.66,24.01,0.0
2022,9,17,40.39,24.4,0.0
2022,9,18,40.83,24.59,0.0
2022,9,19,41.24,24.64,0.0
2022,9,20,40.3,23.13,0.0
2022,9,21,38.7,23.21,0.0
2022,9,22,39.94,24.98,0.0
2022,9,23,40.44,24.57,0.0
2022,9,24,39.32,24.47,0.0
2022,9,25,37.09,22.7,0.0
2022,9,26,37.27,23.62,0.0
2022,9,27,37.64,21.74,0.0
2022,9,28,37.43,21.87,0.0
2022,9,29,37.43,23.5,0.0
2022,9,30,35.9,19.76,0.0
2022,10,1,36.81,20.01,0.0
2022,10,2,37.3,23.41,0.0
2022,10,3,37.67,21.47,0.0
2022,10,4,36.87,21.37,0.0
2022,10,5,36.82,21.67,0.0
2022,10,6,37.43,24.05,0.0
2022,10,7,37.41,23.58,0.0
2022,10,8,37.32,22.35,0.0
2022,10,9,36.23,20.91,0.0
2022,10,10,36.44,21.35,0.0
2022,10,11,36.76,20.45,0.0
2022,10,12,35.83,19.63,0.0
2022,10,13,35.51,20.43,0.0
2022,10,14,34.62,20.9,0.0
2022,10,15,34.75,20.47,0.0
2022,10,16,35.33,19.76,0.0
2022,10,17,35.27,19.76,0.0
2022,10,18,35.31,20.42,0.0
2022,10,19,35.93,20.51,0.0
2022,10,20,35.17,20.08,0.0
2022,10,21,35.08,19.23,0.0
2022,10,22,33.99,19.42,0.0
2022,10,23,34.33,19.06,0.0
2022,10,24,34.68,19.4,0.0
2022,10,25,34.83,19.9,0.0
2022,10,26,33.46,19.06,0.0
2022,10,27,32.58,19.3,0.0
2022,10,28,34.12,17.69,0.0
2022,10,29,34.55,17.89,0.0
2022,10,30,34.31,17.55,0.0
2022,10,31,33.81,18.2,0.0
2022,11,1,34.13,18.78,0.0
2022,11,2,33.81,19.26,0.0
2022,11,3,34.53,19.97,0.0
2022,11,4,28.94,18.73,0.0
2022,11,5,30.13,18.27,0.0
2022,11,6,33.39,18.99,0.0
2022,11,7,33.96,18.36,0.0
2022,11,8,34.35,17.65,0.0
2022,11,9,33.62,17.37,0.0
2022,11,10,33.23,19.68,0.0
2022,11,11,31.38,19.87,0.0
2022,11,12,31.58,18.66,0.0
2022,11,13,31.52,18.73,0.0
2022,11,14,31.55,17.26,0.0
2022,11,15,31.8,17.17,0.0
2022,11,16,31.4,17.12,0.0
2022,11,17,31.69,17.64,0.0
2022,11,18,32.23,18.19,0.0
2022,11,19,28.48,15.48,0.0
2022,11,20,25.88,15.37,0.0
2022,11,21,26.25,12.98,0.0
2022,11,22,26.49,12.38,0.0
2022,11,23,27.55,13.37,0.0
2022,11,24,27.42,14.73,0.0
2022,11,25,29.62,16.04,0.0
2022,11,26,30.37,16.45,0.0
2022,11,27,29.96,16.44,0.0
2022,11,28,28.79,16.45,0.0
2022,11,29,27.03,15.76,0.0
2022,11,30,28.24,14.6,0.0
2022,12,1,28.96,15.76,0.0
2022,12,2,28.72,17.0,0.0
2022,12,3,29.01,14.82,0.0
2022,12,4,28.29,14.21,0.0
2022,12,5,28.74,15.76,0.0
2022,12,6,28.3,16.46,0.0
2022,12,7,24.48,14.5,0.0
2022,12,8,24.89,12.89,0.0
2022,12,9,22.97,13.31,0.34
2022,12,10,16.44,10.93,32.62
2022,12,11,20.5,9.05,0.0
2022,12,12,22.73,8.79,0.0
2022,12,13,24.37,10.68,0.0
2022,12,14,25.25,11.45,0.0
2022,12,15,26.3,12.43,0.0
2022,12,16,25.05,12.9,0.0
2022,12,17,21.91,11.62,0.0
2022,12,18,21.57,9.91,0.0
2022,12,19,21.62,8.63,0.0
2022,12,20,21.86,8.69,0.0
2022,12,21,22.36,8.3,0.0
2022,12,22,23.31,10.36,0.0
2022,12,23,24.36,12.42,1.8
2022,12,24,22.38,10.51,0.01
2022,12,25,21.05,7.48,0.01
2022,12,26,20.94,10.21,0.02
2022,12,27,22.27,8.17,0.0
2022,12,28,16.54,5.54,0.0
2022,12,29,17.23,3.46,0.0
2022,12,30,12.08,6.99,3.73
2022,12,31,17.86,8.4,4.47
2023,1,1,18.12,7.91,0.27
2023,1,2,13.88,8.94,11.94
2023,1,3,16.76,10.51,7.87
2023,1,4,21.73,11.44,9.55
2023,1,5,20.38,11.64,19.88
2023,1,6,14.11,9.66,10.04
2023,1,7,16.67,9.15,8.74
2023,1,8,15.78,9.62,0.9
2023,1,9,20.98,8.99,0.01
2023,1,10,19.31,7.44,0.21
2023,1,11,14.05,6.04,0.0
2023,1,12,15.42,6.95,0.0
2023,1,13,16.06,6.33,0.16
2023,1,14,20.97,10.37,3.07
2023,1,15,22.8,11.87,1.68
2023,1,16,22.69,12.01,0.0
2023,1,17,22.08,8.92,0.0
2023,1,18,17.51,5.99,0.0
2023,1,19,18.16,3.67,0.0
2023,1,20,18.26,4.53,0.0
2023,1,21,20.53,6.22,0.0
2023,1,22,20.68,7.3,0.01
2023,1,23,20.36,8.93,1.43
2023,1,24,20.64,10.61,0.37
2023,1,25,18.15,11.2,2.89
2023,1,26,19.64,9.89,1.65
2023,1,27,17.43,7.01,0.0
2023,1,28,17.6,4.8,0.0
2023,1,29,21.51,4.9,0.0
2023,1,30,23.49,7.48,0.0
2023,1,31,26.81,10.11,0.0
2023,2,1,25.78,13.26,0.0
2023,2,2,24.48,10.61,0.0
2023,2,3,18.13,7.25,0.0
2023,2,4,20.89,5.75,0.0
2023,2,5,25.37,8.73,0.0
2023,2,6,27.52,11.0,0.0
2023,2,7,25.57,12.04,0.0
2023,2,8,22.92,8.19,0.0
2023,2,9,18.62,6.03,0.0
2023,2,10,18.73,5.76,0.0
2023,2,11,21.35,6.62,0.0
2023,2,12,27.22,9.33,0.0
2023,2,13,24.56,9.49,0.0
2023,2,14,27.46,6.27,0.0
2023,2,15,29.4,11.35,0.0
2023,2,16,19.26,8.67,0.0
2023,2,17,17.65,6.45,0.0
2023,2,18,16.81,4.97,0.0
2023,2,19,19.48,4.55,0.0
2023,2,20,21.51,7.19,0.0
2023,2,21,26.41,8.23,0.0
2023,2,22,28.43,10.18,0.0
2023,2,23,29.15,10.57,0.0
2023,2,24,28.9,11.94,0.0
2023,2,25,28.82,11.62,0.0
2023,2,26,31.81,13.96,0.0
2023,2,27,31.0,14.58,0.0
2023,2,28,26.04,12.09,0.0
2023,3,1,22.01,14.78,0.0
2023,3,2,27.3,13.77,0.0
2023,3,3,29.12,11.65,0.0
2023,3,4,30.63,12.61,0.0
2023,3,5,31.81,15.04,0.0
2023,3,6,31.73,16.42,0.0
2023,3,7,31.87,16.04,0.0
2023,3,8,32.08,15.86,0.0
2023,3,9,33.55,16.98,0.13
2023,3,10,29.76,16.33,0.2
2023,3,11,27.12,14.11,0.21
2023,3,12,26.32,15.97,4.18
2023,3,13,27.33,16.7,0.85
2023,3,14,28.98,15.28,0.0
2023,3,15,30.76,18.09,3.91
2023,3,16,27.09,14.37,5.12
2023,3,17,27.68,12.77,0.0
2023,3,18,29.83,13.51,0.57
2023,3,19,31.02,15.51,0.0
2023,3,20,29.93,12.37,0.17
2023,3,21,25.19,11.05,0.0
2023,3,22,25.77,9.78,0.0
2023,3,23,26.87,9.73,0.0
2023,3,24,28.11,12.47,0.0
2023,3,25,31.42,13.3,0.0
2023,3,26,29.7,17.11,1.95
2023,3,27,29.54,16.37,1.24
2023,3,28,28.55,12.96,0.16
2023,3,29,29.32,11.99,0.0
2023,3,30,31.33,13.33,0.06
2023,3,31,32.8,17.43,0.3
2023,4,1,24.97,12.32,0.36
2023,4,2,24.84,9.15,0.0
2023,4,3,26.94,10.43,0.0
2023,4,4,29.56,14.12,0.0
2023,4,5,30.58,15.22,0.0
2023,4,6,31.84,15.84,0.0
2023,4,7,32.62,17.18,0.0
2023,4,8,23.58,15.86,0.02
2023,4,9,30.74,14.35,0.0
2023,4,10,30.18,18.01,0.0
2023,4,11,31.83,18.82,0.0
2023,4,12,35.05,20.93,1.49
2023,4,13,29.08,18.01,11.94
2023,4,14,29.49,16.01,0.0
2023,4,15,25.44,16.85,1.32
2023,4,16,28.57,15.7,7.82
2023,4,17,28.83,19.11,3.11
2023,4,18,30.83,19.33,0.0
2023,4,19,25.75,19.07,0.36
2023,4,20,31.01,17.94,0.0
2023,4,21,32.19,18.3,0.0
2023,4,22,33.4,21.82,0.0
2023,4,23,32.97,21.38,0.0
2023,4,24,34.76,21.46,0.11
2023,4,25,33.57,19.85,0.0
2023,4,26,31.99,18.81,0.15
2023,4,27,32.92,19.66,0.0
2023,4,28,35.52,18.66,0.0
2023,4,29,35.59,20.27,3.64
2023,4,30,35.8,18.34,0.0
2023,5,1,35.7,18.87,0.0
2023,5,2,33.94,19.13,0.0
2023,5,3,35.51,17.64,0.0
2023,5,4,34.75,18.9,0.0
2023,5,5,35.64,18.69,0.0
2023,5,6,37.68,20.48,0.0
2023,5,7,39.84,22.62,0.0
2023,5,8,40.21,24.34,0.0
2023,5,9,39.7,22.44,0.0
2023,5,10,39.64,23.11,0.0
2023,5,11,40.17,22.55,0.0
2023,5,12,41.12,24.02,0.0
2023,5,13,41.69,25.57,0.0
2023,5,14,38.81,24.81,0.0
2023,5,15,37.55,22.88,0.0
2023,5,16,39.73,23.25,0.37
2023,5,17,40.76,23.87,0.36
2023,5,18,39.25,26.11,0.88
2023,5,19,37.33,24.55,0.29
2023,5,20,39.16,24.11,0.36
2023,5,21,37.8,24.12,0.0
2023,5,22,39.84,24.16,0.0
2023,5,23,39.36,25.55,0.0
2023,5,24,39.67,24.94,0.0
2023,5,25,39.35,26.23,0.0
2023,5,26,40.28,27.95,0.0
2023,5,27,41.25,25.66,0.63
2023,5,28,42.73,25.6,0.0
2023,5,29,38.7,28.37,0.3
2023,5,30,38.73,26.33,0.0
2023,5,31,39.3,27.29,0.0
2023,6,1,40.09,28.48,0.0
2023,6,2,39.72,28.25,0.0
2023,6,3,40.85,24.08,0.0
2023,6,4,41.39,25.93,0.0
2023,6,5,41.32,27.15,0.0
2023,6,6,41.27,27.05,0.0
2023,6,7,41.35,26.06,0.0
2023,6,8,42.82,28.51,0.0
2023,6,9,41.55,26.04,0.0
2023,6,10,43.11,25.94,0.0
2023,6,11,44.39,26.35,0.0
2023,6,12,44.53,28.12,0.0
2023,6,13,44.3,29.12,0.0
2023,6,14,42.24,28.49,0.0
2023,6,15,44.22,29.39,0.0
2023,6,16,42.43,27.54,0.0
2023,6,17,41.05,25.57,0.0
2023,6,18,41.19,25.26,0.0
2023,6,19,42.12,26.61,0.0
2023,6,20,42.4,25.84,0.0
2023,6,21,42.85,25.96,0.0
2023,6,22,42.35,26.37,0.0
2023,6,23,43.34,26.58,0.0
2023,6,24,45.44,28.9,0.0
2023,6,25,44.44,28.85,0.0
2023,6,26,43.5,26.67,0.0
2023,6,27,44.18,26.4,0.0
2023,6,28,45.16,26.62,0.0
2023,6,29,44.73,27.09,0.0
2023,6,30,44.98,27.88,0.0
2023,7,1,45.21,27.3,0.0
2023,7,2,44.83,27.99,0.0
2023,7,3,43.83,27.07,0.0
2023,7,4,44.14,28.17,0.0
2023,7,5,43.05,27.97,0.0
2023,7,6,43.87,26.66,0.0
2023,7,7,44.98,27.33,0.0
2023,7,8,45.83,28.06,0.0
2023,7,9,45.53,28.25,0.0
2023,7,10,45.87,27.82,0.0
2023,7,11,45.77,27.6,0.0
2023,7,12,44.99,28.48,0.0
2023,7,13,43.62,29.69,0.0
2023,7,14,43.93,27.97,0.0
2023,7,15,46.28,28.44,0.0
2023,7,16,45.74,28.57,0.0
2023,7,17,45.99,28.15,0.0
2023,7,18,46.85,28.42,0.0
2023,7,19,46.45,28.25,0.0
2023,7,20,46.1,28.02,0.0
2023,7,21,45.71,29.7,0.0
2023,7,22,45.05,29.4,0.0
2023,7,23,45.37,29.55,0.0
2023,7,24,45.4,30.12,0.0
2023,7,25,45.84,30.69,0.0
2023,7,26,46.54,28.95,0.0
2023,7,27,45.75,28.93,0.0
2023,7,28,45.61,28.72,0.0
2023,7,29,44.62,29.7,0.0
2023,7,30,45.72,29.29,0.0
2023,7,31,46.33,30.28,0.0
2023,8,1,46.74,30.32,0.0
2023,8,2,46.33,29.38,0.0
2023,8,3,47.12,29.69,0.0
2023,8,4,44.95,30.57,0.0
2023,8,5,44.81,28.55,0.0
2023,8,6,44.87,27.69,0.0
2023,8,7,44.76,28.15,0.0
2023,8,8,44.36,27.65,0.0
2023,8,9,44.54,26.99,0.0
2023,8,10,44.83,28.02,0.0
2023,8,11,44.12,28.92,0.0
2023,8,12,44.55,28.33,0.0
2023,8,13,44.83,30.73,0.0
2023,8,14,44.89,31.26,0.0
2023,8,15,45.39,32.12,0.0
2023,8,16,44.7,29.12,0.0
2023,8,17,44.09,30.51,0.0
2023,8,18,44.3,29.99,0.0
2023,8,19,43.89,29.69,0.0
2023,8,20,43.47,30.33,0.0
2023,8,21,43.69,29.12,0.0
2023,8,22,42.83,28.19,0.0
2023,8,23,43.28,27.98,0.0
2023,8,24,45.43,29.8,0.0
2023,8,25,45.42,30.2,0.0
2023,8,26,44.87,29.3,0.0
2023,8,27,44.54,28.26,0.0
2023,8,28,44.69,27.61,0.0
2023,8,29,45.79,28.33,0.0
2023,8,30,45.8,29.22,0.0
2023,8,31,42.22,27.87,0.0
2023,9,1,42.46,26.73,0.0
2023,9,2,42.27,26.88,0.0
2023,9,3,41.24,26.44,0.0
2023,9,4,41.48,26.97,0.0
2023,9,5,42.52,27.34,0.0
2023,9,6,44.02,30.44,0.0
2023,9,7,43.62,27.57,0.0
2023,9,8,43.51,27.46,0.0
2023,9,9,43.45,27.76,0.0
2023,9,10,43.73,28.76,0.0
2023,9,11,44.58,30.73,0.0
2023,9,12,43.91,28.55,0.0
2023,9,13,44.13,27.89,0.0
2023,9,14,44.1,28.61,0.0
2023,9,15,42.35,26.38,0.0
2023,9,16,42.27,25.3,0.0
2023,9,17,43.11,26.55,0.0
2023,9,18,42.8,26.83,0.0
2023,9,19,41.92,26.37,0.0
2023,9,20,41.03,25.05,0.0
2023,9,21,41.39,24.54,0.0
2023,9,22,42.18,28.12,0.0
2023,9,23,42.05,27.4,0.0
2023,9,24,41.51,24.69,0.0
2023,9,25,41.73,25.93,0.0
2023,9,26,41.8,26.66,0.0
2023,9,27,40.88,25.7,0.0
2023,9,28,40.06,23.76,0.0
2023,9,29,40.15,26.82,0.0
2023,9,30,39.27,25.51,0.0
2023,10,1,38.05,22.08,0.0
2023,10,2,39.54,22.82,0.0
2023,10,3,41.26,24.28,0.0
2023,10,4,41.44,25.78,0.0
2023,10,5,41.05,24.82,0.0
2023,10,6,38.75,23.3,0.0
2023,10,7,39.82,22.55,0.0
2023,10,8,40.03,23.08,0.0
2023,10,9,39.17,25.3,0.0
2023,10,10,38.05,22.56,0.0
2023,10,11,37.65,23.88,0.0
2023,10,12,38.14,24.92,0.0
2023,10,13,38.26,20.76,0.0
2023,10,14,37.8,22.85,0.0
2023,10,15,37.98,21.86,0.0
2023,10,16,38.23,22.14,0.0
2023,10,17,37.25,22.05,0.0
2023,10,18,37.01,20.05,0.0
2023,10,19,35.82,20.03,0.0
2023,10,20,34.88,21.23,0.0
2023,10,21,35.37,21.25,0.0
2023,10,22,35.33,21.37,0.0
2023,10,23,34.8,19.74,0.0
2023,10,24,34.1,21.09,0.0
2023,10,25,33.8,19.65,0.0
2023,10,26,31.44,20.26,0.0
2023,10,27,31.05,19.36,0.0
2023,10,28,31.82,18.73,0.0
2023,10,29,31.8,18.74,0.0
2023,10,30,31.77,19.26,0.0
2023,10,31,31.41,20.19,3.62
2023,11,1,32.72,19.4,0.0
2023,11,2,30.51,21.23,0.01
2023,11,3,32.17,19.69,0.01
2023,11,4,30.84,20.91,2.71
2023,11,5,31.55,21.84,0.0
2023,11,6,31.38,19.77,0.0
2023,11,7,30.55,18.15,0.0
2023,11,8,30.58,18.03,0.0
2023,11,9,29.19,16.33,0.0
2023,11,10,28.56,16.74,0.0
2023,11,11,26.35,17.77,0.0
2023,11,12,29.15,18.65,0.0
2023,11,13,27.97,17.37,0.0
2023,11,14,30.19,17.31,0.0
2023,11,15,30.12,19.35,0.1
2023,11,16,28.88,18.03,0.65
2023,11,17,28.01,16.55,0.72
2023,11,18,27.76,15.19,0.0
2023,11,19,26.58,16.75,1.38
2023,11,20,25.87,17.04,2.52
2023,11,21,27.98,17.8,0.0
2023,11,22,24.28,16.22,0.0
2023,11,23,28.88,14.31,0.0
2023,11,24,29.58,16.62,0.0
2023,11,25,27.35,15.58,0.0
2023,11,26,30.83,14.96,0.0
2023,11,27,33.49,18.01,0.0
2023,11,28,28.69,16.85,0.0
2023,11,29,24.94,12.62,0.0
2023,11,30,27.34,12.21,0.0
2023,12,1,28.56,13.86,0.0
2023,12,2,26.26,13.05,0.0
2023,12,3,25.89,13.3,0.0
2023,12,4,24.55,13.84,0.0
2023,12,5,25.56,11.08,0.0
2023,12,6,25.51,10.32,0.0
2023,12,7,26.73,10.15,0.0
2023,12,8,26.57,12.56,0.0
2023,12,9,26.19,10.26,0.0
2023,12,10,26.49,11.01,0.0
2023,12,11,26.34,14.54,0.0
2023,12,12,25.56,11.24,0.0
2023,12,13,24.12,12.12,0.18
2023,12,14,21.61,8.62,0.0
2023,12,15,19.67,7.23,0.0
2023,12,16,20.3,5.41,0.0
2023,12,17,19.78,5.27,0.0
2023,12,18,21.25,9.4,0.0
2023,12,19,21.87,8.99,0.0
2023,12,20,22.35,8.62,0.0
2023,12,21,23.04,7.83,0.0
2023,12,22,24.89,10.32,0.0
2023,12,23,28.76,13.95,1.8
2023,12,24,24.18,11.75,0.01
2023,12,25,25.8,14.77,0.01
2023,12,26,24.64,11.83,0.0
2023,12,27,24.9,10.9,0.0
2023,12,28,25.84,11.87,0.0
2023,12,29,17.94,12.8,18.71
2023,12,30,22.75,10.73,0.02
2023,12,31,22.79,12.59,0.81
